,Id,seeding,nombre,jugador 1,jugador 2,jugador 3,pais jugador 1,pais jugador 2,pais jugador 3,RONDA,Estado,IMAGEN
1,19238986,1,Team JJROX,Stake,MaRc_By_8.,Rxii,Spain,Spain,Spain,Round 4,Eliminated,
2,19267257,2,Jalada,Wilfred,Aizen,Carca,Spain,Spain,Spain,Quarter-Final,Qualified,
3,19251965,3,D G T,Lasa,ILuZziOn,Germ√°n,Spain,Spain,Spain,Round 2,Eliminated,https://images.start.gg/images/team/2261274/image-3e18291456797414e08a27f82ccc8e13.jpg?ehk=ZIKG3sbxcho6qkMCaOVphAIt3JF2Z11ovXvB2ODXdOQ%3D&ehkOptimized=MQr%2BNj6QnPZ3zTZoCoOmqbluCjkAJnK8UQ2c26VI%2Ft4%3D
4,19229386,4,Pepepitos Canyons,Zamu√©,KierMonsteR,Denisinho,Spain,Spain,Spain,Round 4,Qualified,
5,19221911,5,Galactica,iXeToXx,AdriKilka,MET-BREAK!,Spain,Spain,,Quarter-Final,Eliminated,
6,19268918,6,TRIPLETE GALACTICO,Guspy1_,Yisulppzz,Petooo23,Spain,Spain,Spain,Quarter-Final,Qualified,https://images.start.gg/images/team/2601863/image-637455748b858ece6b913377b45526e7.png?ehk=eC37CsFIMO7SDbcBZVLZ3m9Qj3I2K3bdukHI4pjIUPI%3D&ehkOptimized=Cr20N%2FZLoUe%2FjR0A7tm17IXjTZu6HA0OKuDtySK8x6I%3D
7,19258445,7,VentuCorp eSports,Sephi,Velocity.,Ethan,Spain,Spain,Spain,Round 4,Eliminated,https://images.start.gg/images/team/2472683/image-be09153775c7f3340d81dcf9401dd164.png?ehk=oU5LIv9uO5AjN1w%2Bn3J3GhLrlliVBCclaS4IGNc66rY%3D&ehkOptimized=tLY0XNbncjRq2mjzIfcPoZBigBAjbS2TUpViX26FuMY%3D
8,19245996,8,Cierzo Esports,alnii.,Tolikz,dayking,Spain,Spain,Switzerland,Round 2,Eliminated,https://images.start.gg/images/team/2293741/image-f29098916616869e9c40900c0fe4b407.png?ehk=YbYn82thMk0dq5za2xMd23Z3XJVVk5xk86Ib5D4WLWY%3D&ehkOptimized=ukeYmwvFnjL1n9GlM%2Fx5PxkaDGZZrMo%2Fj7%2FJTa4sqYc%3D
9,19258263,9,Team Lethal,Piolinzz,Dan.,Juice.,Spain,Spain,Spain,Round 2,Eliminated,
10,19226020,10,ELIT3,Wynng,System,xpeliito,Spain,Spain,Spain,Quarter-Final,Qualified,https://images.start.gg/images/team/2519522/image-3cdc0bb8d250db09988c1e3a4a1b2178.jpg?ehk=4y0MiuG4DJQnvkvjwneY%2FEDrV%2Fm68ogkrXkbA7XjHn8%3D&ehkOptimized=l5FLurQEKty126hR9b0Eg%2F5WVG0EYZErh9%2F2PA6EAH8%3D
11,19250596,11,Petankos,Misil_balistico1,Buitre Radioactivo,jrdi,Spain,Spain,Spain,Round 4,Eliminated,https://images.start.gg/images/team/2599896/image-d57a3bfb54bee2fcea9a249e71ae6ad0.png?ehk=dA62JUcoLlicNm4ubrIWKt%2B1Q%2BVpqh%2FtpFWJSoe9PlA%3D&ehkOptimized=%2B%2BQ2Gxetw7Wv6JgCDuzg5kNGBd5cybwizWcbvL%2F9ExM%3D
12,19223097,12,Ilegal Esports,Adriantors,Itsulen,Syston,Spain,Spain,Spain,Semi-Final,Qualified,https://images.start.gg/images/team/2586510/image-eca599e6796b89b8575db74b33c9cf5c.png?ehk=TKOrujyvFyw%2F37ELlRzIHsN0uTVesqAjIApwrgB%2B59U%3D&ehkOptimized=cpT18J4vQFrYI9XIp1sMhmd3tVE5xNz6%2Fg6jVOhp62A%3D
13,19271797,13,SFDK,ByMarkus99,Willy,Sorla.,Spain,Spain,Spain,Quarter-Final,Qualified,https://images.start.gg/images/team/2200990/image-35f48b4bebe358d00a15a998f1553836.png?ehk=0d6mI4nk7%2Bx3JrBCtqEnd%2FVWQAcfq97nQ80b9atR8Gg%3D&ehkOptimized=RePxZb4wyAjtA08tE8S%2BNhiI7TJT00tj7O68X75TJ7E%3D
14,19261299,14,Feel Ultra,EasyCat,DariowRL,jr_arsen11_,Spain,Spain,Spain,Round 2,Eliminated,https://images.start.gg/images/team/2490475/image-06578a9bb4da1e7a5caafad5b5c5e6c8.png?ehk=t%2FvWwgkIqR%2FgG0BjAVOCZ3QMJ67OJR69Ms6WEkauuJw%3D&ehkOptimized=R5n%2BHAkjFaRno92TnMWKPFIClBVoHHJ7XqMXN7cPIkc%3D
15,19239163,15,#FREEPAQUITO,Libelula-42,MarcusXD098,TC_caramuxo31,Spain,Spain,Spain,Round 2,Eliminated,
16,19274455,16,spectrum,itsnata,XeNoN,TeTudiTa,Spain,Spain,Spain,Round 3,Eliminated,
17,19281205,17,Real Zamora CRL,rafaga_cierta3,ruben7940,FamilyGamer_MJ,Spain,Spain,Spain,Round 2,Eliminated,https://images.start.gg/images/team/2599629/image-c8d2911b78803869e45df2835d3540d5.jpg?ehk=cVIUP1rGitZFw4huZUHqvkEjyQwbIoN3LKfE5%2BD%2FwRw%3D&ehkOptimized=YTnLODLMbvHc4wmf5Uc4vAQJiHYOZByn79ELn2FobUo%3D
18,19272726,18,Los Panzas,Deveste_RL,RLCSjavier,RLCSElMeTrAlLas,Spain,Spain,Spain,Round 2,Eliminated,https://images.start.gg/images/team/2599802/image-a5334a61e4e9587d798c038d212255c7.jpg?ehk=wLjdkv4NorwP9ix4sec3JkB9WeqQxaUYdg9qTabk1MI%3D&ehkOptimized=zrX%2F%2BqZfGnQ%2FJEt7HNMb9N1f%2FR04ltSnbvbJrtjWFqk%3D
19,19273410,19,Alph,H2cmr,Adricc2012,conguito260,Spain,Spain,Spain,Round 2,Eliminated,https://images.start.gg/images/team/2602054/image-99456ade3d5112bf30ec4fcf5be440bc.png?ehk=dIeex9Ymb6tU8o9h4fnU0weiAqUAaynlhKAzpxjPWFE%3D&ehkOptimized=FIxN8qcT9RT99MYhI39jaIkRRoIJIrqOE7JVQNDciKs%3D
20,19269155,20,Rayo Mcqueen,Caronte_stigia,Vinculo_fiable,Los7hoverfly,Spain,Spain,Spain,Round 2,Eliminated,
21,19270217,21,TEAM SCORPION,YOBO,tu_mini_pekka,Joan_PM,Spain,Spain,Spain,Round 3,Eliminated,
22,19262877,22,LET ME COOK,PARRI,ALVARO,Xx_izan_xX_344,Spain,Spain,Spain,Round 2,Eliminated,
23,19268407,23,Champions,Dastan244,Chisco,Kazuma0810,Spain,Spain,Spain,Round 2,Eliminated,
24,19238963,24,UCR,Rayo,vijubla,bazosigma,Spain,Spain,Spain,Round 2,Eliminated,
25,19261808,25,smurf SSL XD,Dvmgamer15,·∂† ·µÉ ·µè ·µâDAVID„ÉÑ,mrcader_,Spain,Spain,Spain,Round 2,Eliminated,
26,19238546,26,OLA,Rife31,Nacheete,visaac.,Spain,Spain,Spain,Quarter-Final,Qualified,
27,19237684,27,NDC,epsilon15,ItsMason,M Œõ R C,,Spain,Spain,Round 4,Eliminated,
28,19237214,28,Nowzu,gerbiix,Physiic.,ceckz,Spain,Spain,Spain,Round 2,Eliminated,https://images.start.gg/images/team/2521972/image-e92c2abca5cb5ad1c18a9eb2d23344fb.png?ehk=0TDJlNNtEK42SrRWEbKJg20zXgmnZZwgEaes0IX23hQ%3D&ehkOptimized=Ry3eMieIhrAnyODmJYENMyoCSbPRNyMuC1SIc%2FXNKlE%3D
29,19226550,29,Scuti,Claper,Jugaro,MRK,Spain,Spain,Spain,Round 3,Eliminated,
30,19226396,30,BOOSTED ZKINGS,BCR66,TheChiquiGuapi,Ivan_005,Spain,Spain,,Round 2,Eliminated,
31,19262468,31,K2 Esports,ImDezpop,Prime_jona,Prime_Santi,Spain,Spain,Portugal,Round 3,Eliminated,
32,19239638,32,Trio Cocotero,Hugopv2010,ElDiegaso3731,Proyemir,Spain,Spain,Spain,Round 2,Eliminated,
33,19267780,33,INFINITY RL,NRT_antonio_devo,alejandrodc8,Hxpnotic07,Spain,Spain,Spain,Round 2,Eliminated,https://images.start.gg/images/team/2516489/image-ebeeca5fc86e8829a85895104a39b25e.jpg?ehk=i6GyiyUWZqA6cJX5Gh9zmn6JYJOw5c0v5npOGYvAw%2Bc%3D&ehkOptimized=%2FocsORDQ7Ec7SORmNvK%2FrebqZC2baG08un9nkbGVQLA%3D
34,19239648,34,JRYX,TM IVAN,Lix jose,DURITO D TECLADO,Spain,Spain,Spain,Round 2,Eliminated,https://images.start.gg/images/team/2598939/image-fce3b6f5124f97dd5eed26a2a11a9e80.png?ehk=0h3jX2gVgF8v%2FESBeqGKghYe9JFj%2BIHbHlyMZHQ7efA%3D&ehkOptimized=wH6JohP4ItUGfF6ZfltRvJKJNdPkdxoBRial603LEX8%3D
35,19268744,35,Doom Reapers eSports,christianfd011,Ex√≥tico,Sikii,Spain,Spain,Spain,Round 3,Eliminated,
36,19239820,36,Malakitos,MarioMalakaGamer,Antonyetexx_19,Dariojoseleivare,Spain,Spain,Spain,Round 2,Eliminated,
37,19269392,37,Team Thunder,·¥ò·¥Ä·¥Ñ·¥è ·¥ç·¥á Ä·¥ç·¥á ü·¥Ä Œ®,Andrxz_,Herxikito,Spain,Spain,Spain,Round 2,Eliminated,
38,19239901,38,Vodafone Giants,pedri872,xTaneez,carlostc6,Spain,Spain,Spain,Round 2,Eliminated,https://images.start.gg/images/team/2598943/image-875ab2b04804aedec9248c36cdd7ee27.jpg?ehk=JS61LEP4oACU47DuEAryeBRcPvKz1A3kAbVLjjdo%2F5Y%3D&ehkOptimized=1Kt4u3NyCsWWVXGwko%2Fd1neFTfx1bgKt3DLSuaKcq0s%3D
39,19271789,39,Los diozes,Huugoo_Mrtnzz,Adriancb,Pablo_RBB1986,Spain,Spain,Spain,Round 3,Eliminated,
40,19239911,40,Clover Delta,Reo.,Adri 11.,belamendia14,Spain,Spain,Spain,Round 4,Eliminated,
41,19272480,41,Dark Owls,Zyro,dwii,Brazukka,#REF!,Spain,Spain,Round 4,Eliminated,
42,19260330,42,0_Caray_Fc,Einirmini,Manolox179,tron_manresa,Spain,Spain,Spain,Round 2,Eliminated,
43,19273990,43,Team S1Speedy,Ney,PaBlo_RuBiK04,Luisda,Spain,Spain,Spain,Round 2,Eliminated,https://images.start.gg/images/team/2602271/image-1897ce189bd7791573e4051d6e87385e.jpg?ehk=rfPOhA5aQe5I4r3uDIjsDKS65qO%2BFqNuxpUmXgcsqhM%3D&ehkOptimized=XaGVzn%2BeHgelznqCvskNccrUImfl1bm%2FdU%2Blj7Si7Ho%3D
44,19260986,44,GGRED,R4du_01125,DaniML_2011,h10s_009,Spain,Spain,Spain,Round 2,Eliminated,https://images.start.gg/images/team/2600764/image-110e2ebbc0d4267bd05ed29c2df151cc.png?ehk=zbDgWMZlyEcN4YeMrST4s1YaZLoSHyxCRtPJksalTjo%3D&ehkOptimized=7gdWi8HL6wwcijiNU6Oo3fsnfCcRze0%2FBigAlcuRSfY%3D
45,19275549,45,Los maquinistas,Samupro2667,pugosaurus_rex12,Maarriioo_,Spain,Spain,Spain,Round 2,Eliminated,
46,19261230,46,HeX9,HEXA,QueMeRayoBro,sr_naggy,Spain,,Spain,Round 2,Eliminated,https://images.start.gg/images/team/2600986/image-36558abb3cfc1f0e6c0c7cdb1a444779.png?ehk=ZDnq9%2FavEvy6HQCKG2m60XyzqepYRRYFJgC%2B8Uw%2F2VY%3D&ehkOptimized=GhUILj36bHTCopol5HDE9%2BNq5As7aOMJaCx2glUTajQ%3D
47,19240184,47,DDD,augus52.,FoCuS-FB,david2011gadito,Spain,Spain,Spain,Round 2,Eliminated,
48,19261489,48,universos paralelos 3,Seblizqui,Byfros,Jmejializ,,,Spain,Round 2,Eliminated,https://images.start.gg/images/team/2599888/image-1f1f61f0d84a5415ed581a9481459c8c.jpg?ehk=ViLjSjo53KJXJgVZEWgvDvpw4HOlLG%2Bycbsoha3TZx8%3D&ehkOptimized=dnps2svsez5N%2BUqf3zV4tM1%2FHWQ5ygEEpoPHbMuUWxk%3D
49,19260889,49,Los Tigres MPR,Paulillos13,Matthewelnano33,Its_RaulgamerGX,Spain,Spain,Spain,Round 2,Eliminated,
50,19240191,50,Un piquito?,CBD_9blueyes7,LPA_GOD_AIMBOT,Cristal,Spain,Spain,Spain,Round 2,Eliminated,
51,19261023,51,Team Glorious,Groviop,matizp,Loko__069,Spain,Spain,Spain,Round 3,Eliminated,
52,19240350,52,Tipic,Beckhammm,Juan Jos√©,Dis tipiiiiiic,Spain,Spain,Spain,Round 2,Eliminated,
53,19261290,53,Hypex eSports,Hypex Guzzy,Dgo.eD,Mo1Zz,Spain,Spain,Spain,Round 2,Eliminated,https://images.start.gg/images/team/2601039/image-7fc4533e3531f08e11791de0bc4c17da.jpg?ehk=96cFIHKo0Y1za4FkJhFJR1nqkwHLZ6zcz0X2HkRJ2dc%3D&ehkOptimized=aFqdcjbHneG5CZXVaktgdUIQHYlJsveSL%2BBJDsY2v8Q%3D
54,19240821,54,LPV | Villafranca,Defcon_once,Adrian_1702XxPRO,pabloayala1,Spain,Spain,Spain,Round 3,Eliminated,https://images.start.gg/images/team/2599034/image-56e7791c9a2b4fd14b01a4916f092537.jpg?ehk=MwLJGBd8nooQKrJKB0Vqy2Cy0lNVpBtrbt2xcH7%2BMYA%3D&ehkOptimized=M%2FSVMD68rJNStQxwKEH2fxLsrl%2BlpLE1aT3xgKc%2F7yQ%3D
55,19261553,55,Heaven Knights,Karmadoz,bienve_74,Cmj.,Spain,Spain,Spain,Round 3,Eliminated,
56,19241460,56,BMB,bobinaœü,Boajupii,miko_twd,Spain,Spain,Spain,Quarter-Final,Qualified,
57,19262010,57,D√≥ndeEst√°Jerry,Xaxo11,ndres_._,BlancoLx,Spain,Spain,Spain,Round 3,Eliminated,https://images.start.gg/images/team/2601165/image-71d00275bf558d630cf70ca5e6f4809e.jpg?ehk=SGHdHooAtJ63nFXqyyCaDAfpKbusApdKu8FmeNxaP%2FI%3D&ehkOptimized=OA21XeosbqFxEz0%2BRxS9P4603rVYzwbe8NAg6OZBq1M%3D
58,19242475,58,RONIN,cola,KilianDrako,26 eleektric,Spain,,Spain,Round 3,Eliminated,
59,19262790,59,Glacials Gaming,Cerebelus,ola_te_clapea,Nhyko,Spain,Spain,Spain,Round 2,Eliminated,
60,19245031,60,MJ'S TEAM,HyxsRL,XetRL,BreezzyRl,Spain,Spain,Spain,Round 2,Eliminated,
61,19267369,61,BadBoys,NotDralii,KevinDT-47,tarambana33,Spain,Spain,Spain,Round 3,Eliminated,
62,19245568,62,Los chorizillos,queso_mecanicooo,Errol_man00,lztvalencia@gmail.com,Spain,Spain,Spain,Round 2,Eliminated,https://images.start.gg/images/team/2599659/image-d091584914b23367bf7141498e8dcd01.jpg?ehk=j9mJ3R4ZSqAHeHN%2FvAP5IsbQLsKYn6kG11OCI5TjcfI%3D&ehkOptimized=g4Nrz2IaLOOM%2FCAjZRBH1eCMMc8AioZLX3BEgzMhyNI%3D
63,19268323,63,Mai Webs,LewandPolski_9,Franbuny333,bercristo,Spain,Spain,Spain,Round 3,Eliminated,https://images.start.gg/images/team/2600861/image-9ce62614c225feab09fb3f3a183690f3.jpg?ehk=ESKkCQaZiFX12rCuTxs3WoGA1iwTjFSvLTSP%2BdXFCtk%3D&ehkOptimized=Yf1AzAIVI7OXBGyaLdz7KTnslZPDUlqHigx7kFuPG1E%3D
64,19245795,64,5GY eSport,S46I,cobinin,Klaw.,Spain,Spain,,Round 3,Eliminated,
65,19268527,65,Ibiza_RL,Kiliotoon,alvart2825,Jiy15,Spain,Spain,Spain,Round 2,Eliminated,
66,19245874,66,Stormiss,Ivan152005,RL_rubys,Faze_Wezys,Spain,Spain,Spain,Round 2,Eliminated,
67,19268883,67,Turbo Tacos,General Gazpacho,Ôº§Ôº≤Ôº≤.,Coronel Croqueta,Spain,Spain,Spain,Round 3,Eliminated,
68,19246154,68,Maguilazos,Bakambu_,ruba,Basilio,Spain,Spain,Spain,Round 2,Eliminated,
69,19269240,69,Sin Nombre,Rubenetex,Huevo Izquierdo„ÉÑ,pikudani_27,Spain,Spain,Spain,Round 3,Eliminated,
70,19246285,70,Team Portal,ManuelCatetas015,XabiX.,Serguiline_rl_kw,,Spain,Spain,Round 3,Eliminated,https://images.start.gg/images/team/2599682/image-c3ac22bd00624df7cfb4040e911a7f4c.png?ehk=QuDLFve%2Fr%2FrsdJx06GQs4PNTrJHp69xdUchaC62a29s%3D&ehkOptimized=J0eQfmOP401dqghTVW45z89CL5QLGCCm1XZ0X4MipW4%3D
71,19269650,71,Real Parque FC,Superpro20090,chico_ruidoso12,Franrodriguezpa,Spain,Spain,Spain,Round 2,Eliminated,
72,19246330,72,Monti's Love,Mr.Physics,ElqueLaMeteSinVerte,SrEstroncio,Spain,Spain,Spain,Round 2,Eliminated,
73,19270641,73,Los negros,Mercena5000U,minipekka17217,vsr10j2016,Spain,Spain,Spain,Round 2,Eliminated,
74,19246710,74,Focus Sports,ADRNRL,HARD NIGHTS,Winastasis,Spain,Spain,Spain,Round 2,Eliminated,https://images.start.gg/images/team/2598874/image-904ac08a94c064662f633653dd51b693.png?ehk=WLnzcBZaokwSxoT5LEYky7jSwMSLVIebGvTjsNwEhXY%3D&ehkOptimized=Af0bUMJIvT0JJHahRlc34OTJqMWnnTMccJdfAP1P1vM%3D
75,19271948,75,Fluorescentes,brincosmil,EEP44,Mouribrz,Spain,Spain,Spain,Round 2,Eliminated,
76,19246994,76,DETONADORES,Marcos_skv,Ramoncin,Olygo,Spain,Spain,Spain,Round 3,Eliminated,https://images.start.gg/images/team/2599021/image-349bc662f27b3f95912132f17bb8895a.jpg?ehk=v0e%2Fm38mUlhso7G%2FyB%2FzJPFgFUvo6crpqhR9BLioy3Q%3D&ehkOptimized=pQdvCd5Axw6UPXBo5CyXrlQCmsqyTlmdF2B5sHxndxg%3D
77,19272623,77,Team Omnist,AdroWiz,F√©nzzy,Jander^-^,Spain,Spain,Spain,Round 3,Eliminated,https://images.start.gg/images/team/2600711/image-a3f1ec8b6d444ad1a5e1c2e98d070754.png?ehk=kPYCOGgl7yP%2BZIyLLhBYG0OfWhaxFwjpSxH%2Bb1mQglI%3D&ehkOptimized=zmOcYlOfBbzTTaGhgYi7xCGE7Ud2yv9j%2F5qf5qEWjHI%3D
78,19247113,78,Aura,NotKofty,Se1shir0Nagi,Lokillo RL,Spain,Spain,Spain,Round 2,Eliminated,
79,19273109,79,Lag & Furious,Zyro,vStayK,Rigby45,#REF!,,Spain,Round 3,Eliminated,
80,19247276,80,Team Drago Plus,K1cker,Lolydestroyer,Kosma_RL,Spain,Spain,Spain,Round 4,Eliminated,https://images.start.gg/images/team/2599756/image-b7ddc470255982e604816dd6b39251e5.jpg?ehk=UPUXBUYqQHX2WAeSzGf049IosT%2FeKHvxdKOPif%2BmPk8%3D&ehkOptimized=jsfMyF8wuzgr9l5PFbF5GNSyUm8%2BZgukXm0ArbhDnRk%3D
81,19273511,81,LOS GITANOS DE PEPE,CVR-_NENE_RL,Dac0taa,Lapso,Spain,Spain,,Round 4,Eliminated,
82,19247472,82,team caudillo,Alezu,razen,Mariankas21,Spain,Spain,Spain,Quarter-Final,Qualified,https://images.start.gg/images/team/2225996/image-4ea7d011d30dd2b7e78065730dedfd19.png?ehk=W7ejAxf1ctMp8gx0Nr8KpR%2FZKOaAjiwbdVbkJmceMk8%3D&ehkOptimized=VF6OAIo50ZcUV7B%2B00p7xErTtybyInl2Fb3OIXuGqmw%3D
83,19274333,83,W4tr3K,w4tr1k4ds,Just,Rizeed,Spain,Spain,Spain,Round 3,Eliminated,
84,19247729,84,ELITE UP,ykonss,Porcel_24,rickyflaxyRL,Spain,Spain,Spain,Round 4,Eliminated,
85,19274957,85,Cenicero,Ritmical,LOWCAN.,Lts_Angel05,Spain,Spain,Spain,Round 4,Eliminated,
86,19259785,86,team limit,Hugovico,antoniojlq,pilot_house_26,Spain,Spain,Spain,Round 3,Eliminated,
87,19275632,87,DOOM REAPERS ESPORTS-1,D3KO,HGoRos,Yotan,Spain,Spain,Spain,Round 4,Eliminated,
88,19260112,88,Radiation,DVK__7,Piiituuu06,Falcon_rarra_fv,Spain,Spain,Spain,Round 2,Eliminated,
89,19248323,89,BombenKommandoüí£,M1guelitomarco„ÉÑ,Faze papa pig,George Pig,Spain,Spain,Spain,Round 2,Eliminated,https://images.start.gg/images/team/2599793/image-47af7c95186a3e4eaa92966841219dfc.jpg?ehk=Jqt13s1VU818ZLIZiDdReLpRZpvi6XgFgIJWJCMLGeo%3D&ehkOptimized=2am1dgUMscO%2FJQhg5wN7rtwBqWyJxz9ZPNHUiRPmEdY%3D
90,19260211,90,LosPitis,jordi-e.v.,andreu_009,Pitimarc,Spain,Spain,Spain,Round 2,Eliminated,https://images.start.gg/images/team/2600928/image-e537dc1423622c2c92c6488a3e18523f.png?ehk=kDNorupKypdzxJOF%2F01ZMbqUP6vX5CtyX%2BeQNseQa%2BA%3D&ehkOptimized=fb9Jg6SjkDjTDXBBHW0Yq0x2o1KlVHUyCDjCnoJkZDo%3D
91,19260003,91,Taco Rebellion,frayni.,Vouky,ItoshiRin,Spain,Spain,Spain,Round 1,Eliminated,https://images.start.gg/images/team/2599789/image-3ca0b8e8c7a3ac1a8e4dcbff61955f84.jpg?ehk=Cjus7oN%2FNlixQ1Y3zziCghnPC2%2BXcuQtZVRQyYClcJs%3D&ehkOptimized=0Qy8JKLjzf8xS4NIyLFl6eGh4VTstKmG944NikA3MdI%3D
92,19248510,92,Team Prodigy 5,Unlucky,Jerryrl_,Lili_,Spain,Spain,Spain,Round 3,Eliminated,https://images.start.gg/images/team/2599827/image-0bf8a76c70bd6885564b361214d1665a.jpg?ehk=gXx9ZdonGBoz8xhja6q9FCXCRmauy3qNo059Mi1GxOw%3D&ehkOptimized=U52gXVu91L11U2yMyWBqKJXiiMzuDYgrKunUV%2Fm0wnc%3D
93,19260201,93,Ultra instinct,Samz.,Blas,Xusquete,Spain,Spain,Spain,Round 4,Qualified,
94,19248754,94,WHAHAPPEN,KAALIIU ON TW,Stigma_27,cosimo.tzi,Spain,Spain,Spain,Round 2,Eliminated,
95,19260289,95,Team Macaco,Micolita,Pelota_de_basket,Samycho,Spain,Spain,Spain,Round 1,Eliminated,
96,19249222,96,LosKoKos,ShivaGus,papagayo411feliz,Iker,Spain,Spain,Spain,Round 1,Eliminated,
97,19260743,97,Kior,Biden_somali,Er_Miztor,Gabriel6655xd,Spain,Spain,Spain,Round 1,Eliminated,
98,19249339,98,Santo√±a fc,hugo_creative12,Marcs0910,danipro__07,Spain,Spain,Spain,Round 1,Eliminated,https://images.start.gg/images/team/2598945/image-69d1ce62547dc046832bbcf6db1c1e4e.png?ehk=T6Gh3t7RepK1Tm%2F5%2FgnIaywfC31%2FG3LEQGmqvpviTNo%3D&ehkOptimized=uIWghi0bAyQW0YC%2BvKWWrw1S6s%2FCoGXJXhRqAQz6z7E%3D
99,19260928,99,que(so),JaviGms,Peluche.Œº,MiMu,Spain,Spain,Spain,Quarter-Final,Qualified,https://images.start.gg/images/team/2601017/image-3c5502b7bddb2312c1da657c14b1c3a2.png?ehk=%2BDIdfIW7mVy0bCd4MLv2pCEJR1TmfWz8e0DSMOxDbt4%3D&ehkOptimized=4vTMYFXzFY7k%2FbDgQR22Vfe%2FO1HZJSNGDu4S7rResIU%3D
100,19249368,100,Loh_fimosi,morsa_musculosa,Safari,Alex_maciuss,Spain,Spain,Spain,Round 2,Eliminated,
101,19261010,101,Kuduros,!,Varo,Peach,Spain,Spain,Spain,Round 4,Eliminated,
102,19249529,102,Los Choca Bolas,Fartos33,V√≠nigoal,w moi,Spain,Spain,Spain,Round 2,Eliminated,
103,19261113,103,Triple Galactica,m4r.24,Lezzy,BrunoGarchi,Spain,Spain,,Round 2,Eliminated,
104,19249601,104,ElServer,Quique,GUPAAA,Diego:),Spain,Spain,Spain,Round 3,Eliminated,
105,19261270,105,GORILLAGENG,EVANSINHO RL,Fardos_31,OreWaRulo,Spain,Spain,Spain,Round 3,Eliminated,https://images.start.gg/images/team/2601056/image-4223d7710390748b04585c91a87975ca.jpg?ehk=vv%2B7jcH0u4CaN5AZyhv6xDr1gJ6lA2NGcGN3o8P1%2Bd8%3D&ehkOptimized=CoU8lw34iOIZgy%2F4dGM9b06oBmmCd6aTJLhVrgPgcck%3D
106,19249741,106,Los Bucazos,Doomenech308,polo.XI,banersito45678,Spain,Spain,Spain,Round 3,Eliminated,
107,19261298,107,BETI,Marcos 1323,X6DiabloMf,codigo_famoso,Spain,Spain,Spain,Round 1,Eliminated,
108,19249879,108,CUMBIA,torno-fijado7,mayle820210,kfc_On-top1,Spain,Cuba,Cuba,Round 1,Eliminated,
109,19261494,109,Los gallos,alexroojas,Alberto 26.,Ismael Cotan,Spain,Spain,Spain,Round 3,Eliminated,https://images.start.gg/images/team/2600917/image-0cb64c7bae49d5176e800e72fdfb217c.png?ehk=H7EtrpCtf4Abu3F9QmVIGSFm%2BXJJN8xxH%2F0kJDyF6FM%3D&ehkOptimized=X85dWVDCSY925KHfBsIIba3YbhuLN3oMy9Utz%2BiTr9Q%3D
110,19250209,110,Los Charros,Seco04d,Odiaga7,Angellitoo,Spain,Spain,Spain,Round 1,Eliminated,https://images.start.gg/images/team/2599947/image-e2bd8fd95ce2200dfc6a955f19ec034f.jpg?ehk=ooAepTFr2ttNdsS8DOeOdB%2BOtRAXOF8khKhXpeGDa2Q%3D&ehkOptimized=5GuvWWxJN%2Bkupe%2BEnRXOqn1WGy5natEp5VqGhZneApc%3D
111,19261719,111,Speed Esports,PEPINET3,dqsolrak_,Aiitoo.009,Spain,Spain,Spain,Round 1,Eliminated,
112,19250339,112,FLAUTISTAS_DE_HAMELIN,Cr4zy_Pablo,Cr4zy_Jarbor,Cr4zy_M1kel146,Spain,Spain,Spain,Round 3,Eliminated,
113,19261949,113,Requiem,Unaichu5_,txenoxx,GTX_ORIOL,Spain,Spain,Spain,Round 2,Eliminated,https://images.start.gg/images/team/2599922/image-39edbe4ada1a46877150d8028e6a2366.jpg?ehk=qMYEoAezooWR5XqYE%2BgQ11VpJlAQioZaDCMA019zKNY%3D&ehkOptimized=7U2kzRARidMgiMLxg8UkYkgUEqAXd88b4JutCa9p8j0%3D
114,19250361,114,Embutidos FC,Soy.Filemon.RL,Acedoo.,Vernkraxyo,Spain,Spain,Spain,Round 1,Eliminated,
115,19262272,115,Freeplay Enjoyers,H√òLAX,Jaimitow,Samuu,Spain,,Spain,Quarter-Final,Qualified,
116,19250829,116,Las mujeres se valorant,aleexiito.,Zabalo,Wuenpi,Spain,Spain,Spain,Round 2,Eliminated,
117,19262642,117,los mostros,Josefifa99,ManuCraft97,DjDanii,Spain,Spain,Spain,Round 2,Eliminated,
118,19251133,118,Spain Predators,Uzumaki_Adri89,X_DESTROY3R_X,Luismi_694,Spain,Spain,Spain,Round 1,Eliminated,https://images.start.gg/images/team/2599958/image-3df1ca18ef5a8a0ab679eb2e32e8e364.jpg?ehk=CKY40bkhu3IlWRYzj9dsX0JcU2ybZ7kP39L8tRhya7I%3D&ehkOptimized=m1POo3PbSPc9cguYF6T%2FrQCEFPiYj89CPKT0qSPKroM%3D
119,19262805,119,Lord Hades,ye_su.x,MaoplolXX,Alexis901,Spain,Spain,Spain,Round 1,Eliminated,
120,19251163,120,PSYCHO,Nil_sala,XxfazeraulxXpro,MrTiaago,Spain,Spain,Spain,Round 1,Eliminated,
121,19267194,121,SPRINGTEAM,ISZ365_YT,Luismiii_13,Betiker1311,Spain,Spain,Spain,Round 1,Eliminated,
122,19251172,122,Alone One,avances_junto,javivi777nj,paconp238,Spain,Spain,Spain,Round 2,Eliminated,
123,19267673,123,El puna,ALMALIKO.,dk.,NICZ.,Spain,,Spain,Round 1,Eliminated,
124,19251254,124,TheLastDemons,LoboImp√≠o,DjMaky77,dylaen12,Spain,Spain,Spain,Round 2,Eliminated,
125,19268197,125,Zero,Zero_Navation805,Zero-alvarit0xX,D_XxavierxX05,Spain,Spain,Spain,Round 2,Eliminated,
126,19251407,126,Rocket Survivors,Code-Daniel233,Henrysitoxx,C-H-I-Q-U-I,Spain,Romania,Spain,Round 1,Eliminated,
127,19268399,127,Karasu Eaters B,RubiX,xim83o,TheALFAyOMEGA,Spain,Spain,Spain,Round 1,Eliminated,https://images.start.gg/images/team/2601026/image-7cac6fdf550f91de486f3c5565f113c2.png?ehk=OPZk7mImgNwtnDuHVa0hntJZm2MW%2F4hbnxfX8cMTy2Y%3D&ehkOptimized=HXzLk6oSM06X25n5rXHqT7knuGjDSxa%2F6kz8OZm4%2Fag%3D
128,19251540,128,PAN BIMBO,Nadador.tnf,killitoo07,FlaSheeyyy,Spain,Spain,Spain,Round 1,Eliminated,https://images.start.gg/images/team/2482373/image-90374fb25356097fcdba843b6584429e.jpg?ehk=Qe0iLcNivVYihHa7lsehgA4qjtK5LBFhXydmiiWVLZ8%3D&ehkOptimized=H49j5%2B4nf3b5sWLw3o4y9udQwMpZnaxddai7bwi6EGs%3D
129,19268460,129,Geezy homie,Quesito_2112,Sayas17,HGarciaaa,Spain,Spain,Spain,Round 2,Eliminated,
130,19251732,130,To The Sky,Dshoter,vanmw,haru,Spain,Spain,Spain,Round 2,Eliminated,
131,19268613,131,This is the way,ViejoVerde420,alexsk_91,MataNuskaKiller,Spain,Spain,Spain,Round 4,Eliminated,https://images.start.gg/images/team/2601826/image-2d30b6c5e38edcb5dd61700fd2fee47d.jpg?ehk=uvO8QZ%2F0sCnwntx74z5X%2BZBv%2B%2BkUGlREpjaq3x2Jp34%3D&ehkOptimized=ewF%2FLfI3ufTfvhLu0TAdaoqo%2BpF6NvBe7iE8L11LhQE%3D
132,19251958,132,JORA ESPORTS,Jacsaw.rl,izanmichun08,RiGoD0Nes_10,Spain,Spain,Spain,Round 1,Eliminated,https://images.start.gg/images/team/2600131/image-13278bb8ddf8433b243c11e68ec23e05.jpg?ehk=nGEpFLfSSYOX%2FZKnRjwVKp7PKm2ce5PkYDjLP0tKHW8%3D&ehkOptimized=vrLmsbqD8pLsziKJb4cPjMiQpH7JcvtnX2Vpay19xE4%3D
133,19268841,133,SOMOS GENTE SERIA,EdgarPalaciosDJ,SantaJr14,UriPala,Spain,Spain,Spain,Round 1,Eliminated,https://images.start.gg/images/team/2601865/image-5adf6aff204854af9187d9706c6edcfa.jpg?ehk=9veQEE2HV15XlnvkcPYpTpMF3%2BA%2BW69G90%2BY8A6kB1s%3D&ehkOptimized=bdsl6%2F5I0x0kXi9kPqyacUqUf%2Fkx%2F6JZILiZyLqrwGw%3D
134,19252714,134,Centinelas del Umbral,Zoramn,ErGabronasoo,Sylvanas_wrw,Spain,Spain,Spain,Round 2,Eliminated,
135,19268938,135,espanoles,rodrakkkk,depocrocs,netjellyfish,Spain,Spain,Spain,Round 1,Eliminated,https://images.start.gg/images/team/2598898/image-44b278109efaa035b538dab0b6a51bd2.png?ehk=JlIWMEo06%2B6KgZA9QsWKeuTc%2Bh%2BUV5oIM%2FgSPknWU9k%3D&ehkOptimized=qmbkoPZc%2BZWURlpWpVIS6eXP91MmvNWaANY758asdts%3D
136,19252866,136,Comando Patatilla,Blinxy.,Sonic,KAISER,Spain,Spain,Spain,Quarter-Final,Qualified,
137,19269237,137,Cerveceros independientes,Biintrox,Axel.,Alseba3305,Spain,Spain,Spain,Round 3,Eliminated,
138,19254155,138,CQZ,Zxtax,Chvi821,Quaax,Spain,Spain,Spain,Round 2,Eliminated,
139,19269321,139,Clover Zeta,Boofy,veneno,Torch,Spain,Spain,Spain,Round 2,Eliminated,https://images.start.gg/images/team/2599735/image-fb9138daad99d794f9b6f9880545ad50.png?ehk=QDCWxKHwuwZDFIvfh9EVWyiCv3gzO3eAFRfeEVuMeGo%3D&ehkOptimized=RGLitd81U9ycHiy249gmSoloIccBEU5SGlO5kMwhzj8%3D
140,19256556,140,Team Fury,Zapatito,Unai,Niacatortu270,Spain,Spain,Spain,Round 1,Eliminated,
141,19269433,141,FusionZ Esports,Kntz 999,NotSerMS,RK_ 999,Spain,Spain,Spain,Round 1,Eliminated,https://images.start.gg/images/team/2601948/image-87fe862ef96acc6b59a9963eb2271c7a.jpg?ehk=twuRsOlUmxA%2BsrsR3w8SrH9rjRMgnBHk8rowml6dEc0%3D&ehkOptimized=V4FR7HKJ8GIYzIq26glHYdEru2FkS0SWXKTBsZ1B6Cw%3D
142,19257926,142,Los Panthers,Kamero66xx,Ratolin86,ttc_thespire,Spain,,Spain,Round 1,Eliminated,
143,19270020,143,Moonlab Gaming Stellar,PanaFachero-_-,khissinho!,nZethh,Spain,Spain,Spain,Round 4,Eliminated,
144,19257981,144,Los Buhos,rubius016,Gohtiraa56,krllin,,Spain,Spain,Round 1,Eliminated,https://images.start.gg/images/team/2599823/image-5346b2d14f641fb6d4e4d04938ecf097.png?ehk=FSbJE7S%2BZlKxxkK8iVrlO2k%2BqRAxwaDrj9N9N5ttulQ%3D&ehkOptimized=sduqcFvVG6EIhML00a4mi7nhULtOKuu0FtlPXwIzd38%3D
145,19270477,145,YC team,Marco0232008,UltraGamer_929,IK1NGI-_,Spain,Spain,Spain,Round 1,Eliminated,
146,19258012,146,DeRiox,Dekodies,Alejandro,Keokk,Spain,Spain,Spain,Round 3,Eliminated,https://images.start.gg/images/team/2589268/image-4173cb66f409de61e9c65cf920bfac47.png?ehk=JTrfT7rbEUms7lIkg3qxofqahidQlIvaWpTFyOhDgn4%3D&ehkOptimized=sagQ0W16f3xWOWCw3UVu1SxbOC5iiSsoe3rW1CGfhLs%3D
147,19271364,147,CS7,Ross,mmaarkiis_2,Clover5.,,Spain,Spain,Round 4,Eliminated,https://images.start.gg/images/team/2532183/image-df7f12277e63fa55d1ea1dc86d0953bc.jpg?ehk=wvakPeyrSdTFTLDkFIpgq%2FEuFmRk5%2BNdZ0aJ0rSiLdc%3D&ehkOptimized=j1tVIGuttams%2BuM2Em6BYMcd6VikQ5j7%2FAlE7GFLAOY%3D
148,19258096,148,X3ESPORTS,NexusRL,Zoni,Lil_GB_Wings,Spain,Spain,Spain,Round 1,Eliminated,
149,19271934,149,A √∫ltima hora,Johnny.,TioPepe,PITUFINA_MIRREC,Spain,Spain,Spain,Round 2,Eliminated,
150,19258120,150,KOKA TEAM,Kenthan,Kaoss,Jonix!,Spain,Spain,Spain,Quarter-Final,Qualified,
151,19272347,151,Galicia Calidade,GZ Bustiin,GZ M0drre,GZ Jowi,Spain,Spain,Spain,Round 1,Eliminated,https://images.start.gg/images/team/2529925/image-b38b79f5263edc4ac4d0e554afc6a023.jpg?ehk=Klv3UABossdfoG86rN9dYBhWakkwqOv7g6sq0xRaVIw%3D&ehkOptimized=xV2ZFkMM2u%2BDBm7PV%2BpkYhIFHzMhWBRoTXUySPovhjo%3D
152,19258121,152,TBT,Greenkraken531,DopeGunshy,RL_Wadri,Spain,Spain,Spain,Round 1,Eliminated,https://images.start.gg/images/team/2537642/image-4240c854abdb8cec5f88a37559c3cfb3.png?ehk=x5CMt9GZ%2BOzb8uD%2BXed3NxnKNIsrhO6ettgKGfx8rsU%3D&ehkOptimized=TN5tKt5ycC27XQ5NPIFCIsMB%2BOLePiw%2Fu%2BK3Pl9SHP0%3D
153,19272416,153,MJS Team,zens_gd,ItsFaZy,joshyxgt,Spain,Spain,Spain,Round 1,Eliminated,https://images.start.gg/images/team/2585051/image-c3c8dfd78c3b6964c3460d380cdf1b04.png?ehk=XOOWUfDM7aerVoGR9Nv4D8hTeIeTKjdHrOVIyS5UpKU%3D&ehkOptimized=%2FolLvVVPWyLBmNAZtNs6%2B4TVRUZpnMpi42j9jtFccuU%3D
154,19258277,154,ZAMORA.RL,Izancalvo100,Albertutanito,Mgf_07,Spain,Spain,Spain,Round 1,Eliminated,https://images.start.gg/images/team/2600709/image-74d73f587c84ceb305b7ab7111ad299f.png?ehk=%2B8Cn%2BcrYhSTV8DtJX5Rgevrp%2FtgJIywd%2Bu2tZWsdZU4%3D&ehkOptimized=ZqmPreB32lXGvffh%2FW1vz4%2FJoDA0ZZQhUUG9f8n3Q88%3D
155,19272914,155,La Bufaneta,Mariscos-Recio33,bocatadetortilla,Supercrck99,Spain,Spain,Spain,Round 1,Eliminated,
156,19258432,156,ESPA√ëA UNG,KPI_UNAIHAKER,not_Guillex008,not_Lean_-_-1,Spain,Spain,Spain,Round 1,Eliminated,
157,19272528,157,Zero Gravity ‚Ñ¢,Starssx,Black_sirios6b,Leo_Palito33,Spain,Spain,Spain,Round 1,Eliminated,
158,19258558,158,Young Cracks,Tiktok_davidcb100,xXalb3rto,MiniDragonRL,Spain,Spain,Spain,Round 1,Eliminated,
159,19273335,159,KORE,Any1.-,ricucx005,Beibihub,Spain,Spain,Spain,Round 2,Eliminated,
160,19258614,160,ATR Alliance,Trikibro03,RayanBrooks,KiexZ-_-,Spain,Spain,Spain,Round 3,Eliminated,
161,19273428,161,TERRENEITORS,DesheyRl,LLORENSIN,luipi_33,Spain,Spain,Spain,Round 4,Eliminated,
162,19258660,162,Monos Enrabietados,TraKZer TraKTor,Markipsu,Electrorayo,Spain,Spain,Spain,Round 4,Eliminated,
163,19273546,163,MWM,Winer games,mikiilhkc,marioolalla777,Spain,Spain,Spain,Round 1,Eliminated,
164,19258844,164,Ca√±aTech,pipicaballito,Terra,Guille_2318,,,Spain,Round 1,Eliminated,https://images.start.gg/images/team/2531698/image-4be9be31b65aff017b4379d26e452186.jpg?ehk=oGqz1Pq6XIHH6Cb78GgunkLLJ8Spe%2B5wnK1l3Iq6iAw%3D&ehkOptimized=Vh7rY%2F9fYd72Wik0kFUe8nTya9HOdslnQTZ5x7WI9GE%3D
165,19274330,165,Blaze Reapers,BR hunter.,Br_Rafideo,P A I N,Spain,Spain,Spain,Round 1,Eliminated,
166,19258872,166,Los Peludos FC,InfinityCreative,blaazee,Pablete08_,Spain,Spain,Spain,Round 3,Eliminated,https://images.start.gg/images/team/2600773/image-3ab9c24000fe6df73208d1c0165fd6e8.jpg?ehk=u7ezdzYZWzhrHgk50aEpNDZCs6AJ8KFINIPYfKzPgPI%3D&ehkOptimized=652hUdXAsZHvPsLGe4a4jjbKaYP%2FOGr912TJbdyZ5dg%3D
167,19274344,167,Las Bestias,DANINHO75,Naikmangg RL,JaviGames07,Spain,Andorra,Spain,Round 1,Eliminated,
168,19259087,168,Mad Kings,Vex,Triplelift,Juanfran 9,Spain,Spain,Spain,Round 1,Eliminated,
169,19274510,169,ARISE.,NXII„É°,Itoshi Sae„É°,QLS_asier,Spain,Spain,Spain,Round 1,Eliminated,
170,19259096,170,Galactic storm esp,Loren antipeak.,ATOMIC mu√±eca fracturada,Patoshoot75,Spain,Spain,Spain,Round 1,Eliminated,
171,19275096,171,Fumadorescracks,V1c3nTe312,PuertAlvaro321,sdesopa is good,Spain,,Spain,Round 1,Eliminated,
172,19259194,172,TEAM HOVES,Twitch regat98,SQNieves,fabi_lp07,Spain,Spain,Spain,Round 1,Eliminated,
173,19275574,173,Cabreros,Eladri is OG,lobo_de_bosque,Rubiojaja,Spain,Spain,Spain,Round 1,Eliminated,
174,19259213,174,Legacy Esports,elpica27,Tor10_Huesitos,XxldavidxX7,Spain,Spain,Spain,Round 1,Eliminated,https://images.start.gg/images/team/2533170/image-9c67ddb55275b1167cce22120ac1da86.png?ehk=onUmzW9paH1sxQiDn8Q8xOqF7pJP0PUo3QfPo2ag6uM%3D&ehkOptimized=RsVQ3KLvFDVNuq5dLaoBHVjHsf8Pc46wzkL7UhesP4o%3D
175,19275668,175,Fuerza Estelar,Rupa383,drt√±,CXRLOS7315,Spain,Spain,Spain,Round 1,Eliminated,
176,19259470,176,Cordian,Potato,S I N N O,aadrirubio_,Spain,Spain,Spain,Round 1,Eliminated,
177,19281256,177,JJ.xkro,TXH_YERAY-PRIME,rovillak en yt,Nwbez,Spain,Spain,Spain,Round 1,Eliminated,
178,19259609,178,Los rebotes,thelaxii,sergy_9,MrDraxter69,Spain,Spain,Spain,Round 1,Eliminated,